{"scope.version":"2","timeline.animationMode":"quickMode","viewport.width":480,"viewport.height":800,"library.openDirectories":[],"library.GroupsPath":{},"library.downloadedAssets":{},"design.zoom":0.75,"eventsPanel.layout":"{\"targetColumnWidth\":115,\"typeColumnWidth\":55,\"actionColumnWidth\":75,\"eventScope\":1}","tool.text.optionsState":{"fontName":"Times New Roman","fontSize":"60px","fontWeight":"normal","fontStyle":"normal","alignLeft":true,"alignCenter":false,"alignRight":false,"alignJustify":false,"verticalAlignCenter":false,"foreColor":"rgb(0, 0, 0)","tagName":"span","orderedList":false,"unorderedList":false}}